ID,Nota
1,Questa Ã¨ la prima nota
2,Seconda nota di esempio
3,Terza nota importante
4,Nuova nota di test
5,Nota aggiornata
6,Nota per test ricerca testo
7,Nuova nota di test
8,Nota aggiornata
9,Nota per test ricerca testo
10,Nuova nota di test
11,Nota aggiornata
12,Nota per test ricerca testo
13,Nuova nota di test
14,Nota aggiornata
15,Nota per test ricerca testo
16,Nuova nota di test
17,Nota aggiornata
18,Nota per test ricerca testo
19,Nuova nota di test
20,Nota aggiornata
21,Nota per test ricerca testo
